,ID,NN
29,29,17.96730065819113
61,61,7.946011998453567
