,dropped,testMean,testStd,trainMean,trainStd
0,['TotalT'],26.404317738505014,0,26.10778536289303,0
1,['Temp'],25.066135421590356,0,26.51928098479386,0
2,['LSR'],25.629911029648355,0,26.301838424606277,0
3,['CA'],26.239904364963824,0,26.204305240748027,0
4,['Size'],25.198063742922745,0,26.446450059470664,0
5,['IsoT'],26.604437791154744,0,26.162328673822074,0
6,['Ramp'],26.51533018339855,0,26.09393806854659,0
7,['F_X'],25.37711629776824,0,26.392403542502837,0
