,dropped,testMean,testStd,trainMean,trainStd
0,['TotalT'],6.178054012421935,0.6118510956275294,1.7271224848230982,0.2344893250724587
1,['Temp'],10.693416258608739,0.49753902828861024,5.0277036558526165,0.3398198328097527
2,['LSR'],5.968254616555224,0.5117817079366418,1.629224654062406,0.10865234708178625
3,['CA'],7.693361419971845,0.4215582371621665,3.164759209720735,0.10243133720081687
4,['Size'],6.151958691805371,0.593629837999169,1.6581103113093103,0.2786575132918429
5,['IsoT'],6.252555132828167,0.6692645426981426,1.4475368521486172,0.09264606540899693
6,['Ramp'],6.000534127973842,0.5539487849923302,1.5373739714143269,0.08519853175644689
7,['F_X'],6.16713273855221,0.4244538038069346,1.4295845346580127,0.07410795808311564
