,dropped,testMean,testStd,trainMean,trainStd
0,0.1,16.596983823253943,2.1839762569138514,1.098678826281793,0.6712013908735852
1,0.25,9.90861151004579,1.1990902308675284,1.4274589336843944,0.6826292092158303
2,0.5,7.583369024017054,0.7410794038325331,1.2259793772052825,0.20370003528780029
3,0.75,6.756006328690181,0.42207751781532127,1.3814807099524746,0.22503697206300477
4,1.0,5.7537781664837775,0.523278922099694,1.3402701484346207,0.11917303221613146
